VDID,AuthorityCode,OriginalVersion,OrginalLinkID,ChangeType,ChangeReason,ChangeAttribute,LinkID,Links
VD-N1-N-197.560-M-LOOP,NFB,19.05.1,0000100119700N,道路異動,數化精進,"StartNode,Length",['0000100119700N'],"[{'LinkID': '0000100119700N', 'RoadID': '000010', 'RoadName': '國道1號', 'RoadClass': 0, 'RoadDirection': 'N', 'RoadDirectionID': '1', 'Bearing': 'N', 'Version': '19.12.1', 'UpdateDate': '2019-12-20'}]"
VD-N1-N-228.634-M-LOOP,NFB,19.05.1,0000100122800P,道路異動,數化精進,"StartNode,EndNode,Length,NodeID",['0000100122800P'],"[{'LinkID': '0000100122800P', 'RoadID': '000010', 'RoadName': '國道1號', 'RoadClass': 0, 'RoadDirection': 'N', 'RoadDirectionID': '1', 'Bearing': 'N', 'Version': '19.12.1', 'UpdateDate': '2019-12-20'}]"
VD-N1-N-229-R-EN-1-北上入口-西螺服務區,NFB,19.05.1,0000101183000P,道路異動,數化精進,"EndNode,Length",['0000101183000P'],"[{'LinkID': '0000101183000P', 'RoadID': '000010', 'RoadName': '西螺服務區匝道', 'RoadClass': 0, 'RoadDirection': 'N', 'RoadDirectionID': '1', 'Bearing': 'N', 'Version': '19.12.1', 'UpdateDate': '2019-12-20'}]"
VD-N1-N-229.319-M-LOOP,NFB,19.05.1,0000100122940P,道路異動,數化精進,"EndNode,Length",['0000100122940P'],"[{'LinkID': '0000100122940P', 'RoadID': '000010', 'RoadName': '國道1號', 'RoadClass': 0, 'RoadDirection': 'N', 'RoadDirectionID': '1', 'Bearing': 'N', 'Version': '19.12.1', 'UpdateDate': '2019-12-20'}]"
VD-N1-N-229.600-M-LOOP,NFB,19.05.1,0000100122940P,道路異動,數化精進,"EndNode,Length",['0000100122940P'],"[{'LinkID': '0000100122940P', 'RoadID': '000010', 'RoadName': '國道1號', 'RoadClass': 0, 'RoadDirection': 'N', 'RoadDirectionID': '1', 'Bearing': 'N', 'Version': '19.12.1', 'UpdateDate': '2019-12-20'}]"
VD-N1-N-249.250-M-LOOP,NFB,19.05.1,0000100124900Q,道路異動,數化精進,"StartNode,Length",['0000100124900Q'],"[{'LinkID': '0000100124900Q', 'RoadID': '000010', 'RoadName': '國道1號', 'RoadClass': 0, 'RoadDirection': 'N', 'RoadDirectionID': '1', 'Bearing': 'N', 'Version': '19.12.1', 'UpdateDate': '2019-12-20'}]"
VD-N1-N-250-I-EN-21-北上入口-大林,NFB,19.05.1,0000101153030Q,道路異動,數化精進,"EndNode,Length",['0000101153030Q'],"[{'LinkID': '0000101153030Q', 'RoadID': '000010', 'RoadName': '大林交流道', 'RoadClass': 0, 'RoadDirection': 'N', 'RoadDirectionID': '1', 'Bearing': 'NW', 'Version': '19.12.1', 'UpdateDate': '2019-12-20'}]"
VD-N1-N-250-I-WN-22-北上入口-大林,NFB,19.05.1,0000101153040Q,道路異動,數化精進,"EndNode,Length",['0000101153040Q'],"[{'LinkID': '0000101153040Q', 'RoadID': '000010', 'RoadName': '大林交流道', 'RoadClass': 0, 'RoadDirection': 'N', 'RoadDirectionID': '1', 'Bearing': 'N', 'Version': '19.12.1', 'UpdateDate': '2019-12-20'}]"
VD-N1-N-303-O-SE-1-Loop,NFB,19.05.1,0000101160000D,道路異動,道路延伸,"StartNode,Length,Bearing",['0000101160000D'],"[{'LinkID': '0000101160000D', 'RoadID': '000010', 'RoadName': '麻豆交流道', 'RoadClass': 0, 'RoadDirection': 'N', 'RoadDirectionID': '1', 'Bearing': 'N', 'Version': '19.12.1', 'UpdateDate': '2019-12-20'}]"
VD-N1-N-303.470-N-Loop,NFB,19.05.1,0000101160050D,道路異動,道路延伸,"EndNode,Length,Bearing",['0000101160050D'],"[{'LinkID': '0000101160050D', 'RoadID': '000010', 'RoadName': '麻豆交流道', 'RoadClass': 0, 'RoadDirection': 'N', 'RoadDirectionID': '1', 'Bearing': 'N', 'Version': '19.12.1', 'UpdateDate': '2019-12-20'}]"
VD-N1-N-371-O-SE-1-Loop,NFB,19.05.1,0000101175050E,道路異動,數化精進,"StartNode,Length",['0000101175050E'],"[{'LinkID': '0000101175050E', 'RoadID': '000010', 'RoadName': '五甲交流道', 'RoadClass': 0, 'RoadDirection': 'N', 'RoadDirectionID': '1', 'Bearing': 'NE', 'Version': '19.12.1', 'UpdateDate': '2019-12-20'}]"
VD-N1-N-372-I-EN-21-Loop,NFB,19.05.1,0000101175020E,道路異動,數化精進,"EndNode,Length",['0000101175020E'],"[{'LinkID': '0000101175020E', 'RoadID': '000010', 'RoadName': '五甲交流道', 'RoadClass': 0, 'RoadDirection': 'N', 'RoadDirectionID': '1', 'Bearing': 'NE', 'Version': '19.12.1', 'UpdateDate': '2019-12-20'}]"
VD-N1-N-372-I-EN-22-Loop,NFB,19.05.1,0000101175030E,道路異動,數化精進,"StartNode,EndNode,Length",['0000101175030E'],"[{'LinkID': '0000101175030E', 'RoadID': '000010', 'RoadName': '五甲交流道', 'RoadClass': 0, 'RoadDirection': 'N', 'RoadDirectionID': '1', 'Bearing': 'NE', 'Version': '19.12.1', 'UpdateDate': '2019-12-20'}]"
VD-N1-N-372-O-SE-1-Loop,NFB,19.05.1,0000101175040E,道路異動,數化精進,"StartNode,EndNode,Length",['0000101175040E'],"[{'LinkID': '0000101175040E', 'RoadID': '000010', 'RoadName': '五甲交流道', 'RoadClass': 0, 'RoadDirection': 'N', 'RoadDirectionID': '1', 'Bearing': 'NE', 'Version': '19.12.1', 'UpdateDate': '2019-12-20'}]"
VD-N1-N-372.700-M-Loop,NFB,19.05.1,0000101175020E,道路異動,數化精進,"EndNode,Length",['0000101175020E'],"[{'LinkID': '0000101175020E', 'RoadID': '000010', 'RoadName': '五甲交流道', 'RoadClass': 0, 'RoadDirection': 'N', 'RoadDirectionID': '1', 'Bearing': 'NE', 'Version': '19.12.1', 'UpdateDate': '2019-12-20'}]"
VD-N1-S-197.520-M-LOOP,NFB,19.05.1,0000100019700N,道路異動,數化精進,"EndNode,Length",['0000100019700N'],"[{'LinkID': '0000100019700N', 'RoadID': '000010', 'RoadName': '國道1號', 'RoadClass': 0, 'RoadDirection': 'S', 'RoadDirectionID': '0', 'Bearing': 'S', 'Version': '19.12.1', 'UpdateDate': '2019-12-20'}]"
VD-N1-S-228.710-M-LOOP,NFB,19.05.1,0000100022800P,道路異動,數化精進,"StartNode,EndNode,Length,NodeID",['0000100022800P'],"[{'LinkID': '0000100022800P', 'RoadID': '000010', 'RoadName': '國道1號', 'RoadClass': 0, 'RoadDirection': 'S', 'RoadDirectionID': '0', 'Bearing': 'S', 'Version': '19.12.1', 'UpdateDate': '2019-12-20'}]"
VD-N1-S-229-R-NW-2-南下出口-西螺服務區,NFB,19.05.1,0000101049000P,道路異動,數化精進,"StartNode,EndNode,Length",['0000101049000P'],"[{'LinkID': '0000101049000P', 'RoadID': '000010', 'RoadName': '西螺交流道', 'RoadClass': 0, 'RoadDirection': 'S', 'RoadDirectionID': '0', 'Bearing': 'S', 'Version': '19.12.1', 'UpdateDate': '2019-12-20'}]"
VD-N1-S-249.200-M-LOOP,NFB,19.05.1,0000100024900Q,道路異動,數化精進,"EndNode,Length",['0000100024900Q'],"[{'LinkID': '0000100024900Q', 'RoadID': '000010', 'RoadName': '國道1號', 'RoadClass': 0, 'RoadDirection': 'S', 'RoadDirectionID': '0', 'Bearing': 'S', 'Version': '19.12.1', 'UpdateDate': '2019-12-20'}]"
VD-N1-S-250-I-ES-22-南下入口-大林,NFB,19.05.1,0000101053040Q,道路異動,數化精進,"EndNode,Length",['0000101053040Q'],"[{'LinkID': '0000101053040Q', 'RoadID': '000010', 'RoadName': '大林交流道', 'RoadClass': 0, 'RoadDirection': 'S', 'RoadDirectionID': '0', 'Bearing': 'S', 'Version': '19.12.1', 'UpdateDate': '2019-12-20'}]"
VD-N1-S-250-I-WS-21-南下入口-大林,NFB,19.05.1,0000101053030Q,道路異動,數化精進,"EndNode,Length",['0000101053030Q'],"[{'LinkID': '0000101053030Q', 'RoadID': '000010', 'RoadName': '大林交流道', 'RoadClass': 0, 'RoadDirection': 'S', 'RoadDirectionID': '0', 'Bearing': 'SE', 'Version': '19.12.1', 'UpdateDate': '2019-12-20'}]"
VD-N1-S-250-O-NW-1-南下出口-大林,NFB,19.05.1,0000101053000Q,道路異動,數化精進,"StartNode,Length",['0000101053000Q'],"[{'LinkID': '0000101053000Q', 'RoadID': '000010', 'RoadName': '大林交流道', 'RoadClass': 0, 'RoadDirection': 'S', 'RoadDirectionID': '0', 'Bearing': 'S', 'Version': '19.12.1', 'UpdateDate': '2019-12-20'}]"
VD-N1-S-250.516-M-LOOP,NFB,19.05.1,0000100025020Q,道路異動,數化精進,"StartNode,Length",['0000100025020Q'],"[{'LinkID': '0000100025020Q', 'RoadID': '000010', 'RoadName': '國道1號', 'RoadClass': 0, 'RoadDirection': 'S', 'RoadDirectionID': '0', 'Bearing': 'S', 'Version': '19.12.1', 'UpdateDate': '2019-12-20'}]"
VD-N1-S-303-I-WS-1-Loop,NFB,19.05.1,0000101060050D,道路異動,道路延伸,"EndNode,Length,Bearing",['0000101060050D'],"[{'LinkID': '0000101060050D', 'RoadID': '000010', 'RoadName': '麻豆交流道', 'RoadClass': 0, 'RoadDirection': 'S', 'RoadDirectionID': '0', 'Bearing': 'S', 'Version': '19.12.1', 'UpdateDate': '2019-12-20'}]"
VD-N1-S-303.950-N-Loop,NFB,19.05.1,0000100030350D,道路異動,數化精進,"StartMile,MileLength,Bearing",['0000100030350D'],"[{'LinkID': '0000100030350D', 'RoadID': '000010', 'RoadName': '國道1號', 'RoadClass': 0, 'RoadDirection': 'S', 'RoadDirectionID': '0', 'Bearing': 'S', 'Version': '19.12.1', 'UpdateDate': '2019-12-20'}]"
VD-N1-S-304.994-M-Loop,NFB,19.05.1,0000100030490D,道路異動,數化精進,"StartMile,MileLength,Bearing",['0000100030490D'],"[{'LinkID': '0000100030490D', 'RoadID': '000010', 'RoadName': '國道1號', 'RoadClass': 0, 'RoadDirection': 'S', 'RoadDirectionID': '0', 'Bearing': 'S', 'Version': '19.12.1', 'UpdateDate': '2019-12-20'}]"
VD-N1-S-371-I-WS-21-Loop,NFB,19.05.1,0000101075010E,道路異動,數化精進,"EndNode,Length",['0000101075010E'],"[{'LinkID': '0000101075010E', 'RoadID': '000010', 'RoadName': '五甲交流道', 'RoadClass': 0, 'RoadDirection': 'S', 'RoadDirectionID': '0', 'Bearing': 'SW', 'Version': '19.12.1', 'UpdateDate': '2019-12-20'}]"
VD-N1-S-371-I-WS-22-Loop,NFB,19.05.1,0000101075000E,道路異動,數化精進,"EndNode,Length",['0000101075000E'],"[{'LinkID': '0000101075000E', 'RoadID': '000010', 'RoadName': '五甲交流道', 'RoadClass': 0, 'RoadDirection': 'S', 'RoadDirectionID': '0', 'Bearing': 'SW', 'Version': '19.12.1', 'UpdateDate': '2019-12-20'}]"
VD-N1-S-371.010-M-Loop,NFB,19.05.1,0000100037100E,道路異動,數化精進,"EndNode,Length",['0000100037100E'],"[{'LinkID': '0000100037100E', 'RoadID': '000010', 'RoadName': '國道1號', 'RoadClass': 0, 'RoadDirection': 'S', 'RoadDirectionID': '0', 'Bearing': 'S', 'Version': '19.12.1', 'UpdateDate': '2019-12-20'}]"
VD-N1-S-372-I-WS-1-Loop,NFB,19.05.1,0000101075030E,道路異動,數化精進,"StartNode,EndNode,Length",['0000101075030E'],"[{'LinkID': '0000101075030E', 'RoadID': '000010', 'RoadName': '五甲交流道', 'RoadClass': 0, 'RoadDirection': 'S', 'RoadDirectionID': '0', 'Bearing': 'SW', 'Version': '19.12.1', 'UpdateDate': '2019-12-20'}]"
VD-N1-S-372-O-NE-1-Loop,NFB,19.05.1,0000101075040E,道路異動,數化精進,"StartNode,EndNode,Length",['0000101075040E'],"[{'LinkID': '0000101075040E', 'RoadID': '000010', 'RoadName': '五甲交流道', 'RoadClass': 0, 'RoadDirection': 'S', 'RoadDirectionID': '0', 'Bearing': 'SW', 'Version': '19.12.1', 'UpdateDate': '2019-12-20'}]"
VD-N1-S-372-O-NE-2-Loop,NFB,19.05.1,0000101075060E,道路異動,數化精進,"StartNode,Length",['0000101075060E'],"[{'LinkID': '0000101075060E', 'RoadID': '000010', 'RoadName': '五甲交流道', 'RoadClass': 0, 'RoadDirection': 'S', 'RoadDirectionID': '0', 'Bearing': 'S', 'Version': '19.12.1', 'UpdateDate': '2019-12-20'}]"
VD-N1-S-372.190-M-Loop,NFB,19.05.1,0000100037200E,道路新增,道路分段,,"['0000100037200E', '0000100037230E']","[{'LinkID': '0000100037200E', 'RoadID': '000010', 'RoadName': '國道1號', 'RoadClass': 0, 'RoadDirection': 'S', 'RoadDirectionID': '0', 'Bearing': 'SW', 'Version': '19.12.1', 'UpdateDate': '2019-12-20'}, {'LinkID': '0000100037230E', 'RoadID': '000010', 'RoadName': '國道1號', 'RoadClass': 0, 'RoadDirection': 'S', 'RoadDirectionID': '0', 'Bearing': 'SW', 'Version': '19.12.1', 'UpdateDate': '2019-12-20'}]"
VD-N1-S-372.700-M-Loop,NFB,19.05.1,0000100037200E,道路新增,道路分段,,"['0000100037200E', '0000100037230E']","[{'LinkID': '0000100037200E', 'RoadID': '000010', 'RoadName': '國道1號', 'RoadClass': 0, 'RoadDirection': 'S', 'RoadDirectionID': '0', 'Bearing': 'SW', 'Version': '19.12.1', 'UpdateDate': '2019-12-20'}, {'LinkID': '0000100037230E', 'RoadID': '000010', 'RoadName': '國道1號', 'RoadClass': 0, 'RoadDirection': 'S', 'RoadDirectionID': '0', 'Bearing': 'SW', 'Version': '19.12.1', 'UpdateDate': '2019-12-20'}]"
VD-N1-S-373.310-M-RS,NFB,19.05.1,0000100037330E,道路異動,數化精進,"StartNode,EndNode,Length",['0000100037330E'],"[{'LinkID': '0000100037330E', 'RoadID': '000010', 'RoadName': '國道1號', 'RoadClass': 0, 'RoadDirection': 'S', 'RoadDirectionID': '0', 'Bearing': 'SW', 'Version': '19.12.1', 'UpdateDate': '2019-12-20'}]"
VD-N10-E-0.864-M-Loop,NFB,19.05.1,0001000000030E,道路刪除,道路合併,,[''],"[{'LinkID': '', 'RoadID': '', 'RoadName': '', 'RoadClass': None, 'RoadDirection': '', 'RoadDirectionID': '', 'Bearing': '', 'Version': '19.05.1', 'UpdateDate': '2019-05-15'}]"
VD-N10-E-1-I-SE-1B-Loop,NFB,19.05.1,0001001001030E,道路異動,數化精進,"StartNode,Length",['0001001001030E'],"[{'LinkID': '0001001001030E', 'RoadID': '000100', 'RoadName': '左營端', 'RoadClass': 0, 'RoadDirection': 'E', 'RoadDirectionID': '0', 'Bearing': 'SE', 'Version': '19.12.1', 'UpdateDate': '2019-12-20'}]"
VD-N3-N-279-O-SE-1-Loop,NFB,19.05.1,0000300127910Q,道路異動,數化精進,"StartNode,Length",['0000300127910Q'],"[{'LinkID': '0000300127910Q', 'RoadID': '000030', 'RoadName': '國道3號', 'RoadClass': 0, 'RoadDirection': 'N', 'RoadDirectionID': '1', 'Bearing': 'NE', 'Version': '19.12.1', 'UpdateDate': '2019-12-20'}]"
VD-N3-N-279-O-SE-2-Loop,NFB,19.05.1,0000301153020Q,道路異動,數化精進,"EndNode,Length",['0000301153020Q'],"[{'LinkID': '0000301153020Q', 'RoadID': '000030', 'RoadName': '梅山交流道', 'RoadClass': 0, 'RoadDirection': 'N', 'RoadDirectionID': '1', 'Bearing': 'N', 'Version': '19.12.1', 'UpdateDate': '2019-12-20'}]"
VD-N3-N-279.432-N-Loop,NFB,19.05.1,0000300127910Q,道路異動,數化精進,"StartNode,Length",['0000300127910Q'],"[{'LinkID': '0000300127910Q', 'RoadID': '000030', 'RoadName': '國道3號', 'RoadClass': 0, 'RoadDirection': 'N', 'RoadDirectionID': '1', 'Bearing': 'NE', 'Version': '19.12.1', 'UpdateDate': '2019-12-20'}]"
VD-N3-N-68-O-SW-22-龍潭,NFB,19.05.1,0000301118050H,道路異動,數化精進,"EndNode,Length",['0000301118050H'],"[{'LinkID': '0000301118050H', 'RoadID': '000030', 'RoadName': '龍潭交流道', 'RoadClass': 0, 'RoadDirection': 'N', 'RoadDirectionID': '1', 'Bearing': 'NW', 'Version': '19.12.1', 'UpdateDate': '2019-12-20'}]"
VD-N3-S-191-O-NE-21-南下出口-和美,NFB,19.05.1,0000301036020N,道路異動,數化精進,"EndNode,Length",['0000301036020N'],"[{'LinkID': '0000301036020N', 'RoadID': '000030', 'RoadName': '和美交流道', 'RoadClass': 0, 'RoadDirection': 'S', 'RoadDirectionID': '0', 'Bearing': 'SE', 'Version': '19.12.1', 'UpdateDate': '2019-12-20'}]"
VD-N3-S-279-I-WS-1-Loop,NFB,19.05.1,0000301053050Q,道路異動,數化精進,"EndNode,Length",['0000301053050Q'],"[{'LinkID': '0000301053050Q', 'RoadID': '000030', 'RoadName': '梅山交流道', 'RoadClass': 0, 'RoadDirection': 'S', 'RoadDirectionID': '0', 'Bearing': 'SW', 'Version': '19.12.1', 'UpdateDate': '2019-12-20'}]"
VD-N3-S-279-O-NW-2-Loop,NFB,19.05.1,0000300027910Q,道路異動,數化精進,"EndNode,Length",['0000300027910Q'],"[{'LinkID': '0000300027910Q', 'RoadID': '000030', 'RoadName': '國道3號', 'RoadClass': 0, 'RoadDirection': 'S', 'RoadDirectionID': '0', 'Bearing': 'SW', 'Version': '19.12.1', 'UpdateDate': '2019-12-20'}]"
VD-N3-S-279.424-N-Loop,NFB,19.05.1,0000300027910Q,道路異動,數化精進,"EndNode,Length",['0000300027910Q'],"[{'LinkID': '0000300027910Q', 'RoadID': '000030', 'RoadName': '國道3號', 'RoadClass': 0, 'RoadDirection': 'S', 'RoadDirectionID': '0', 'Bearing': 'SW', 'Version': '19.12.1', 'UpdateDate': '2019-12-20'}]"
VD-N8-E-0.000-M-Loop,NFB,19.05.1,3001710100000D,道路新增,道路分段,,"['3001710100000D', '3001710100062D']","[{'LinkID': '3001710100000D', 'RoadID': '300171', 'RoadName': '台17甲線', 'RoadClass': 3, 'RoadDirection': 'N', 'RoadDirectionID': '1', 'Bearing': 'NE', 'Version': '19.12.1', 'UpdateDate': '2019-12-20'}, {'LinkID': '3001710100062D', 'RoadID': '300171', 'RoadName': '台17甲線', 'RoadClass': 3, 'RoadDirection': 'N', 'RoadDirectionID': '1', 'Bearing': 'N', 'Version': '19.12.1', 'UpdateDate': '2019-12-20'}]"
VD-N8-W-0.000-M-Loop,NFB,19.05.1,3001710000000D,道路新增,道路分段,,"['3001710100000D', '3001710100062D']","[{'LinkID': '3001710100000D', 'RoadID': '300171', 'RoadName': '台17甲線', 'RoadClass': 3, 'RoadDirection': 'N', 'RoadDirectionID': '1', 'Bearing': 'NE', 'Version': '19.12.1', 'UpdateDate': '2019-12-20'}, {'LinkID': '3001710100062D', 'RoadID': '300171', 'RoadName': '台17甲線', 'RoadClass': 3, 'RoadDirection': 'N', 'RoadDirectionID': '1', 'Bearing': 'N', 'Version': '19.12.1', 'UpdateDate': '2019-12-20'}]"
VD-T66-E-15.587-M-RS,NFB,19.05.1,1006600001560H,道路新增,道路合併,,['1006600001500H'],"[{'LinkID': '1006600001500H', 'RoadID': '100660', 'RoadName': '台66線', 'RoadClass': 1, 'RoadDirection': 'E', 'RoadDirectionID': '0', 'Bearing': 'SE', 'Version': '19.12.1', 'UpdateDate': '2019-12-20'}]"
VD-T84-E-35-I-SE-1-Loop,NFB,19.05.1,1008401009020D,道路新增,道路分段,,"['1008401009023D', '1008401009026D']","[{'LinkID': '1008401009023D', 'RoadID': '100840', 'RoadName': '二溪交流道', 'RoadClass': 1, 'RoadDirection': 'W', 'RoadDirectionID': '1', 'Bearing': 'W', 'Version': '19.12.1', 'UpdateDate': '2019-12-20'}, {'LinkID': '1008401009026D', 'RoadID': '100840', 'RoadName': '二溪交流道', 'RoadClass': 1, 'RoadDirection': 'W', 'RoadDirectionID': '1', 'Bearing': 'E', 'Version': '19.12.1', 'UpdateDate': '2019-12-20'}]"
VD-T84-W-35-I-SW-2-Loop,NFB,19.05.1,1008401109020D,道路新增,道路分段,,"['1008401009023D', '1008401009026D']","[{'LinkID': '1008401009023D', 'RoadID': '100840', 'RoadName': '二溪交流道', 'RoadClass': 1, 'RoadDirection': 'W', 'RoadDirectionID': '1', 'Bearing': 'W', 'Version': '19.12.1', 'UpdateDate': '2019-12-20'}, {'LinkID': '1008401009026D', 'RoadID': '100840', 'RoadName': '二溪交流道', 'RoadClass': 1, 'RoadDirection': 'W', 'RoadDirectionID': '1', 'Bearing': 'E', 'Version': '19.12.1', 'UpdateDate': '2019-12-20'}]"
VD-T84-W-35-O-EN-1-Loop,NFB,19.05.1,1008401109010D,道路異動,數化精進,"EndNode,Length,Bearing",['1008401109010D'],"[{'LinkID': '1008401109010D', 'RoadID': '100840', 'RoadName': '二溪交流道', 'RoadClass': 1, 'RoadDirection': 'W', 'RoadDirectionID': '1', 'Bearing': 'W', 'Version': '19.12.1', 'UpdateDate': '2019-12-20'}]"
VD-T84-W-35-O-ES-2-Loop,NFB,19.05.1,1008401109020D,道路新增,道路分段,,"['1008401009023D', '1008401009026D']","[{'LinkID': '1008401009023D', 'RoadID': '100840', 'RoadName': '二溪交流道', 'RoadClass': 1, 'RoadDirection': 'W', 'RoadDirectionID': '1', 'Bearing': 'W', 'Version': '19.12.1', 'UpdateDate': '2019-12-20'}, {'LinkID': '1008401009026D', 'RoadID': '100840', 'RoadName': '二溪交流道', 'RoadClass': 1, 'RoadDirection': 'W', 'RoadDirectionID': '1', 'Bearing': 'E', 'Version': '19.12.1', 'UpdateDate': '2019-12-20'}]"
VD-T86-E-0-I-SE-1-Loop,NFB,19.05.1,1008601001000D,道路異動,分段位置改變,"EndNode,Length,Bearing",['1008601001000D'],"[{'LinkID': '1008601001000D', 'RoadID': '100860', 'RoadName': '台南端', 'RoadClass': 1, 'RoadDirection': 'E', 'RoadDirectionID': '0', 'Bearing': 'E', 'Version': '19.12.1', 'UpdateDate': '2019-12-20'}]"
VD-T86-E-16-I-SE-1-Loop,NFB,19.05.1,1008601007060D,道路異動,分段位置改變,"StartNode,Length,Bearing",['1008601007060D'],"[{'LinkID': '1008601007060D', 'RoadID': '100860', 'RoadName': '歸仁交流道', 'RoadClass': 1, 'RoadDirection': 'E', 'RoadDirectionID': '0', 'Bearing': 'N', 'Version': '19.12.1', 'UpdateDate': '2019-12-20'}]"
VD-T86-E-16-O-WS-1-Loop,NFB,19.05.1,1008601007010D,道路新增,修改路名,,['6161870100060D'],"[{'LinkID': '6161870100060D', 'RoadID': '616187', 'RoadName': '無名道路6', 'RoadClass': 6, 'RoadDirection': 'NE', 'RoadDirectionID': '1', 'Bearing': 'N', 'Version': '19.12.1', 'UpdateDate': '2019-12-20'}]"
VD-T86-E-6.126-M-RS,NFB,19.05.1,1008600000610D,道路異動,分段位置改變,"StartMile,MileLength,Bearing",['1008600000610D'],"[{'LinkID': '1008600000610D', 'RoadID': '100860', 'RoadName': '台86線', 'RoadClass': 1, 'RoadDirection': 'E', 'RoadDirectionID': '0', 'Bearing': 'NE', 'Version': '19.12.1', 'UpdateDate': '2019-12-20'}]"
VD-T86-W-0-O-EN-1-Loop,NFB,19.05.1,1008601101000D,道路異動,分段位置改變,"StartNode,Length,Bearing",['1008601101000D'],"[{'LinkID': '1008601101000D', 'RoadID': '100860', 'RoadName': '台南端', 'RoadClass': 1, 'RoadDirection': 'W', 'RoadDirectionID': '1', 'Bearing': 'W', 'Version': '19.12.1', 'UpdateDate': '2019-12-20'}]"
VD-T86-W-16-O-EN-1-Loop,NFB,19.05.1,1008601107000D,道路異動,分段位置改變,"EndNode,Length,Bearing",['1008601107000D'],"[{'LinkID': '1008601107000D', 'RoadID': '100860', 'RoadName': '歸仁交流道', 'RoadClass': 1, 'RoadDirection': 'W', 'RoadDirectionID': '1', 'Bearing': 'SW', 'Version': '19.12.1', 'UpdateDate': '2019-12-20'}]"
VD-T86-W-5.703-M-Loop,NFB,19.05.1,1008600100540D,道路異動,分段位置改變,"StartMile,MileLength,Bearing",['1008600100540D'],"[{'LinkID': '1008600100540D', 'RoadID': '100860', 'RoadName': '台86線', 'RoadClass': 1, 'RoadDirection': 'W', 'RoadDirectionID': '1', 'Bearing': 'SW', 'Version': '19.12.1', 'UpdateDate': '2019-12-20'}]"
VD-T86-W-6.196-M-Loop,NFB,19.05.1,1008600100610D,道路異動,分段位置改變,"StartNode,Length,Bearing",['1008601101000D'],"[{'LinkID': '1008601101000D', 'RoadID': '100860', 'RoadName': '台南端', 'RoadClass': 1, 'RoadDirection': 'W', 'RoadDirectionID': '1', 'Bearing': 'W', 'Version': '19.12.1', 'UpdateDate': '2019-12-20'}]"
VD-N1-N-83-I-EN-21-湖口,NFB,20.07.1,0000101127010J,道路新增,道路分段,,['0000101127013J'],"[{'LinkID': '0000101127013J', 'RoadID': '000010', 'RoadName': '國道1號', 'RoadClass': 0, 'RoadDirection': 'N', 'RoadDirectionID': '1', 'Bearing': 'E', 'Version': '20.10.1', 'UpdateDate': '2020-10-20'}]"
VD-N1-N-67-I-EN-1-幼獅,NFB,20.07.1,0000101124036H,道路異動,數化精進,"StartNode,EndNode,Length",['0000101124036H'],"[{'LinkID': '0000101124036H', 'RoadID': '000010', 'RoadName': '國道1號', 'RoadClass': 0, 'RoadDirection': 'N', 'RoadDirectionID': '1', 'Bearing': 'N', 'Version': '20.10.1', 'UpdateDate': '2020-10-20'}]"
VD-N1H-S-67.500-M-LOOP,NFB,20.07.1,00001B0006700H,道路刪除,道路分段,,['00001B0006700H'],"[{'LinkID': '00001B0006700H', 'RoadID': '00001B', 'RoadName': '國道1號五股楊梅高架道路', 'RoadClass': 0, 'RoadDirection': 'S', 'RoadDirectionID': '0', 'Bearing': 'SW', 'Version': '20.10.1', 'UpdateDate': '2020-10-20'}]"
VD-N1-S-67-I-WS-1-幼獅,NFB,20.07.1,0000101024033H,道路異動,數化精進,"StartNode,EndNode,Length",['0000101024033H'],"[{'LinkID': '0000101024033H', 'RoadID': '000010', 'RoadName': '國道1號', 'RoadClass': 0, 'RoadDirection': 'S', 'RoadDirectionID': '0', 'Bearing': 'SW', 'Version': '20.10.1', 'UpdateDate': '2020-10-20'}]"
VD-N5-S-54-R-O-1-蘇澳服務區,NFB,20.07.1,0000501007010G,道路新增,道路分段,,['0000501007013G'],"[{'LinkID': '0000501007013G', 'RoadID': '000050', 'RoadName': '國道5號', 'RoadClass': 0, 'RoadDirection': 'S', 'RoadDirectionID': '0', 'Bearing': 'E', 'Version': '20.10.1', 'UpdateDate': '2020-10-20'}]"
VD-T62-W-17.85-M-OH,NFB,20.07.1,1006200101740F,道路異動,數化精進,"StartNode,Length",['1006200101740F'],"[{'LinkID': '1006200101740F', 'RoadID': '100620', 'RoadName': '台62線', 'RoadClass': 1, 'RoadDirection': 'W', 'RoadDirectionID': '1', 'Bearing': 'W', 'Version': '20.10.1', 'UpdateDate': '2020-10-20'}]"
VD-N1-S-83.150-M-LOOP,NFB,20.07.1,0000101027000J,道路新增,道路分段,,['0000101027003J'],"[{'LinkID': '0000101027003J', 'RoadID': '000010', 'RoadName': '國道1號', 'RoadClass': 0, 'RoadDirection': 'S', 'RoadDirectionID': '0', 'Bearing': 'W', 'Version': '20.10.1', 'UpdateDate': '2020-10-20'}]"
VD-N5-N-54-R-O-1-蘇澳服務區,NFB,20.07.1,0000501107020G,道路新增,道路分段,,['0000501107023G'],"[{'LinkID': '0000501107023G', 'RoadID': '000050', 'RoadName': '國道5號', 'RoadClass': 0, 'RoadDirection': 'N', 'RoadDirectionID': '1', 'Bearing': 'W', 'Version': '20.10.1', 'UpdateDate': '2020-10-20'}]"
VD-N1-S-125-O-NW-1-南下出口-頭屋,NFB,20.07.1,0000101032000K,道路異動,路型改變,"Bearing,StartNode",['0000101032000K'],"[{'LinkID': '0000101032000K', 'RoadID': '000010', 'RoadName': '國道1號', 'RoadClass': 0, 'RoadDirection': 'S', 'RoadDirectionID': '0', 'Bearing': 'SE', 'Version': '20.10.1', 'UpdateDate': '2020-10-20'}]"
VD-N1-S-83-O-NE-2-湖口,NFB,20.07.1,0000101027000J,道路新增,道路分段,,['0000101027003J'],"[{'LinkID': '0000101027003J', 'RoadID': '000010', 'RoadName': '國道1號', 'RoadClass': 0, 'RoadDirection': 'S', 'RoadDirectionID': '0', 'Bearing': 'W', 'Version': '20.10.1', 'UpdateDate': '2020-10-20'}]"
VD-T64-E-5.08-M-OH,NFB,20.07.1,1006400000400F,道路異動,數化精進,"StartNode,EndNode,Length",['1006400000400F'],"[{'LinkID': '1006400000400F', 'RoadID': '100640', 'RoadName': '台64線', 'RoadClass': 1, 'RoadDirection': 'E', 'RoadDirectionID': '0', 'Bearing': 'SE', 'Version': '20.10.1', 'UpdateDate': '2020-10-20'}]"
VD-N5-N-54-R-I-1-蘇澳服務區,NFB,20.07.1,0000501107020G,道路新增,道路分段,,['0000501107023G'],"[{'LinkID': '0000501107023G', 'RoadID': '000050', 'RoadName': '國道5號', 'RoadClass': 0, 'RoadDirection': 'N', 'RoadDirectionID': '1', 'Bearing': 'W', 'Version': '20.10.1', 'UpdateDate': '2020-10-20'}]"
VD-T64-W-2.70-M-RS,NFB,20.07.1,1006400100300F,道路異動,數化精進,"StartNode,Length",['1006400100300F'],"[{'LinkID': '1006400100300F', 'RoadID': '100640', 'RoadName': '台64線', 'RoadClass': 1, 'RoadDirection': 'W', 'RoadDirectionID': '1', 'Bearing': 'NW', 'Version': '20.10.1', 'UpdateDate': '2020-10-20'}]"
VD-T64-E-5.45-M-RS,NFB,20.07.1,1006400000500F,道路異動,數化精進,"StartNode,Length",['1006400000500F'],"[{'LinkID': '1006400000500F', 'RoadID': '100640', 'RoadName': '台64線', 'RoadClass': 1, 'RoadDirection': 'E', 'RoadDirectionID': '0', 'Bearing': 'SE', 'Version': '20.10.1', 'UpdateDate': '2020-10-20'}]"
VD-T62-E-13.00-M-OH,NFB,20.07.1,1006200101800F,道路異動,數化精進,"EndNode,Length",['1006200101800F'],"[{'LinkID': '1006200101800F', 'RoadID': '100620', 'RoadName': '台62線', 'RoadClass': 1, 'RoadDirection': 'W', 'RoadDirectionID': '1', 'Bearing': 'W', 'Version': '20.10.1', 'UpdateDate': '2020-10-20'}]"
VD-N1-N-83-O-SW-2-湖口,NFB,20.07.1,0000101127000J,道路新增,道路分段,,['0000101127003J'],"[{'LinkID': '0000101127003J', 'RoadID': '000010', 'RoadName': '國道1號', 'RoadClass': 0, 'RoadDirection': 'N', 'RoadDirectionID': '1', 'Bearing': 'E', 'Version': '20.10.1', 'UpdateDate': '2020-10-20'}]"
VD-N1-S-125.030-M-LOOP,NFB,20.07.1,0000100012500K,道路異動,路型改變,"EndMile,MileLength,EndNode,Length",['0000100012500K'],"[{'LinkID': '0000100012500K', 'RoadID': '000010', 'RoadName': '國道1號', 'RoadClass': 0, 'RoadDirection': 'S', 'RoadDirectionID': '0', 'Bearing': 'SW', 'Version': '20.10.1', 'UpdateDate': '2020-10-20'}]"
VD-T64-E-3.34-M-OH,NFB,20.07.1,1006400000300F,道路異動,數化精進,"StartNode,EndNode,Length",['1006400000300F'],"[{'LinkID': '1006400000300F', 'RoadID': '100640', 'RoadName': '台64線', 'RoadClass': 1, 'RoadDirection': 'E', 'RoadDirectionID': '0', 'Bearing': 'SE', 'Version': '20.10.1', 'UpdateDate': '2020-10-20'}]"
VD-T64-W-3.38-M-OH,NFB,20.07.1,1006400100300F,道路異動,數化精進,"StartNode,Length",['1006400100300F'],"[{'LinkID': '1006400100300F', 'RoadID': '100640', 'RoadName': '台64線', 'RoadClass': 1, 'RoadDirection': 'W', 'RoadDirectionID': '1', 'Bearing': 'NW', 'Version': '20.10.1', 'UpdateDate': '2020-10-20'}]"
VD-N1-N-83-O-SE-1-湖口,NFB,20.07.1,0000101127000J,道路新增,道路分段,,['0000101127003J'],"[{'LinkID': '0000101127003J', 'RoadID': '000010', 'RoadName': '國道1號', 'RoadClass': 0, 'RoadDirection': 'N', 'RoadDirectionID': '1', 'Bearing': 'E', 'Version': '20.10.1', 'UpdateDate': '2020-10-20'}]"
VD-N1-S-83-I-WS-1-湖口,NFB,20.07.1,0000101027010J,道路新增,道路分段,,['0000101027013J'],"[{'LinkID': '0000101027013J', 'RoadID': '000010', 'RoadName': '國道1號', 'RoadClass': 0, 'RoadDirection': 'S', 'RoadDirectionID': '0', 'Bearing': 'W', 'Version': '20.10.1', 'UpdateDate': '2020-10-20'}]"
VD-N1-S-125.690-M-LOOP,NFB,20.07.1,0000100012550K,道路新增,路型改變,,['0000100012540K'],"[{'LinkID': '0000100012540K', 'RoadID': '000010', 'RoadName': '國道1號', 'RoadClass': 0, 'RoadDirection': 'S', 'RoadDirectionID': '0', 'Bearing': 'SW', 'Version': '20.10.1', 'UpdateDate': '2020-10-20'}]"
VD-N1-S-83-I-WS-2-湖口,NFB,20.07.1,0000101027010J,道路新增,道路分段,,['0000101027013J'],"[{'LinkID': '0000101027013J', 'RoadID': '000010', 'RoadName': '國道1號', 'RoadClass': 0, 'RoadDirection': 'S', 'RoadDirectionID': '0', 'Bearing': 'W', 'Version': '20.10.1', 'UpdateDate': '2020-10-20'}]"
VD-N1-S-83-O-NW-1-湖口,NFB,20.07.1,0000101027000J,道路新增,道路分段,,['0000101027003J'],"[{'LinkID': '0000101027003J', 'RoadID': '000010', 'RoadName': '國道1號', 'RoadClass': 0, 'RoadDirection': 'S', 'RoadDirectionID': '0', 'Bearing': 'W', 'Version': '20.10.1', 'UpdateDate': '2020-10-20'}]"
VD-N5-S-54-R-I-1-蘇澳服務區,NFB,20.07.1,0000501007010G,道路新增,道路分段,,['0000501007013G'],"[{'LinkID': '0000501007013G', 'RoadID': '000050', 'RoadName': '國道5號', 'RoadClass': 0, 'RoadDirection': 'S', 'RoadDirectionID': '0', 'Bearing': 'E', 'Version': '20.10.1', 'UpdateDate': '2020-10-20'}]"
VD-N1-N-67-O-SE-1-幼獅,NFB,20.07.1,0000101124000H,道路新增,道路分段,,['0000101124003H'],"[{'LinkID': '0000101124003H', 'RoadID': '000010', 'RoadName': '國道1號', 'RoadClass': 0, 'RoadDirection': 'N', 'RoadDirectionID': '1', 'Bearing': 'NE', 'Version': '20.10.1', 'UpdateDate': '2020-10-20'}]"
VD-N1-N-83-I-WN-22-湖口,NFB,20.07.1,0000101127010J,道路新增,道路分段,,['0000101127013J'],"[{'LinkID': '0000101127013J', 'RoadID': '000010', 'RoadName': '國道1號', 'RoadClass': 0, 'RoadDirection': 'N', 'RoadDirectionID': '1', 'Bearing': 'E', 'Version': '20.10.1', 'UpdateDate': '2020-10-20'}]"
VD-N3K-S-2.500-M-LOOP,NFB,20.10.2,3000260000359C,道路新增,錯誤修正,,['3000260100291C'],"[{'LinkID': '3000260100291C', 'RoadID': '300026', 'RoadName': '台2己線', 'RoadClass': 3, 'RoadDirection': 'E', 'RoadDirectionID': '1', 'Bearing': 'NE', 'Version': '21.08.1', 'UpdateDate': '2021-08-13'}]"
VD-N3K-S-0.030-M-LOOP,NFB,20.10.2,3000260000071C,道路新增,錯誤修正,,['3000260100059C'],"[{'LinkID': '3000260100059C', 'RoadID': '300026', 'RoadName': '台2己線', 'RoadClass': 3, 'RoadDirection': 'E', 'RoadDirectionID': '1', 'Bearing': 'E', 'Version': '21.08.1', 'UpdateDate': '2021-08-13'}]"
VD-N3K-S-1.080-M-LOOP,NFB,20.10.2,3000260000291C,道路新增,錯誤修正,,['3000260100118C'],"[{'LinkID': '3000260100118C', 'RoadID': '300026', 'RoadName': '台2己線', 'RoadClass': 3, 'RoadDirection': 'E', 'RoadDirectionID': '1', 'Bearing': 'E', 'Version': '21.08.1', 'UpdateDate': '2021-08-13'}]"
VD-N3K-N-2.520-M-LOOP,NFB,20.10.2,3000260100355C,道路新增,錯誤修正,,['3000260000322C'],"[{'LinkID': '3000260000322C', 'RoadID': '300026', 'RoadName': '台2己線', 'RoadClass': 3, 'RoadDirection': 'W', 'RoadDirectionID': '0', 'Bearing': 'SW', 'Version': '21.08.1', 'UpdateDate': '2021-08-13'}]"
VD-N3K-S-3.360-M-LOOP,NFB,20.10.2,3000260000405C,道路新增,錯誤修正,,['3000260100402C'],"[{'LinkID': '3000260100402C', 'RoadID': '300026', 'RoadName': '台2己線', 'RoadClass': 3, 'RoadDirection': 'E', 'RoadDirectionID': '1', 'Bearing': 'NE', 'Version': '21.08.1', 'UpdateDate': '2021-08-13'}]"
VD-N3-N-73.935-M-LOOP,NFB,21.08.1,0000300107300H,道路新增,道路分段,,['0000300107367H'],"[{'LinkID': '0000300107367H', 'RoadID': '000030', 'RoadName': '國道3號', 'RoadClass': 0, 'RoadDirection': 'N', 'RoadDirectionID': '1', 'Bearing': 'N', 'Version': '22.02.1', 'UpdateDate': '2022-02-15'}]"
VD-N4-W-9-O-EN-22-西向出口3,NFB,22.02.1,0000401103040B,道路新增,道路分段,,['0000401103043B'],"[{'LinkID': '0000401103043B', 'RoadID': '000040', 'RoadName': '國道4號', 'RoadClass': 0, 'RoadDirection': 'W', 'RoadDirectionID': '1', 'Bearing': 'NW', 'Version': '22.09.1', 'UpdateDate': '2022-09-28'}]"
VD-N1-S-49-O-SW-3-桃園-中正路橋,NFB,22.02.1,0000101018080H,道路新增,道路分段,,['0000101018083H'],"[{'LinkID': '0000101018083H', 'RoadID': '000010', 'RoadName': '國道1號', 'RoadClass': 0, 'RoadDirection': 'S', 'RoadDirectionID': '0', 'Bearing': 'SW', 'Version': '22.09.1', 'UpdateDate': '2022-09-28'}]"
VD-N1-S-49-O-S-2-桃園-主線,NFB,22.02.1,0000101018080H,道路新增,道路分段,,['0000101018083H'],"[{'LinkID': '0000101018083H', 'RoadID': '000010', 'RoadName': '國道1號', 'RoadClass': 0, 'RoadDirection': 'S', 'RoadDirectionID': '0', 'Bearing': 'SW', 'Version': '22.09.1', 'UpdateDate': '2022-09-28'}]"
VD-N1-S-50.010-M-LOOP,NFB,22.02.1,0000100005000H,道路新增,道路分段,,['0000100005000H'],"[{'LinkID': '0000100005000H', 'RoadID': '000010', 'RoadName': '國道1號', 'RoadClass': 0, 'RoadDirection': 'S', 'RoadDirectionID': '0', 'Bearing': 'SW', 'Version': '22.09.1', 'UpdateDate': '2022-09-28'}]"
VD-N1-S-49-I-WS-1B-桃園-匝道,NFB,22.02.1,0000101018070H,道路異動,數化精進,"EndNode,Length",['0000101018070H'],"[{'LinkID': '0000101018070H', 'RoadID': '000010', 'RoadName': '國道1號', 'RoadClass': 0, 'RoadDirection': 'S', 'RoadDirectionID': '0', 'Bearing': 'S', 'Version': '22.09.1', 'UpdateDate': '2022-09-28'}]"
VD-T64-E-1-I-1,NFB,22.02.1,1006400000000F,道路新增,道路分段,,['1006400000000F'],"[{'LinkID': '1006400000000F', 'RoadID': '100640', 'RoadName': '台64線', 'RoadClass': 1, 'RoadDirection': 'E', 'RoadDirectionID': '0', 'Bearing': 'SE', 'Version': '22.09.1', 'UpdateDate': '2022-09-28'}]"
VD-T74-W-19.796-M-RS,NFB,22.02.1,6078840700030B,道路異動,數化精進,"StartNode,Length",['6078840700030B'],"[{'LinkID': '6078840700030B', 'RoadID': '607884B', 'RoadName': '環中東路一段', 'RoadClass': 6, 'RoadDirection': 'NW', 'RoadDirectionID': '7', 'Bearing': 'W', 'Version': '22.09.1', 'UpdateDate': '2022-09-28'}]"
VD-T74-E-20.600-M-RS,NFB,22.02.1,1007400002000B,道路新增,道路分段,,['1007400002033B'],"[{'LinkID': '1007400002033B', 'RoadID': '100740', 'RoadName': '台74線', 'RoadClass': 1, 'RoadDirection': 'E', 'RoadDirectionID': '0', 'Bearing': 'SE', 'Version': '22.09.1', 'UpdateDate': '2022-09-28'}]"
VD-N1-N-50.800-M-RS,NFB,22.02.1,0000100105000H,道路新增,道路分段,,['0000100105046H'],"[{'LinkID': '0000100105046H', 'RoadID': '000010', 'RoadName': '國道1號', 'RoadClass': 0, 'RoadDirection': 'N', 'RoadDirectionID': '1', 'Bearing': 'NE', 'Version': '22.09.1', 'UpdateDate': '2022-09-28'}]"
VD-N1-N-50.300-M-LOOP,NFB,22.02.1,0000100105000H,道路新增,道路分段,,['0000100105046H'],"[{'LinkID': '0000100105046H', 'RoadID': '000010', 'RoadName': '國道1號', 'RoadClass': 0, 'RoadDirection': 'N', 'RoadDirectionID': '1', 'Bearing': 'NE', 'Version': '22.09.1', 'UpdateDate': '2022-09-28'}]"
VD-N1-N-49-I-1-1C-桃園-中正路橋,NFB,22.02.1,0000101118080H,道路新增,道路分段,,['0000101118086H'],"[{'LinkID': '0000101118086H', 'RoadID': '000010', 'RoadName': '國道1號', 'RoadClass': 0, 'RoadDirection': 'N', 'RoadDirectionID': '1', 'Bearing': 'NE', 'Version': '22.09.1', 'UpdateDate': '2022-09-28'}]"
VD-N2-E-0.330-M-LOOP,NFB,22.09.1,0000200000000H,道路異動,數化精進,"StartNode,Length",['0000200000000H'],"[{'LinkID': '0000200000000H', 'RoadID': '000020', 'RoadName': '國道2號', 'RoadClass': 0, 'RoadDirection': 'E', 'RoadDirectionID': '0', 'Bearing': 'SW', 'Version': '23.05.1', 'UpdateDate': '2023-05-05'}]"
VD-N1-N-374-I-WN-1-RS,NFB,22.09.1,0000101176070E,道路異動,數化精進,"StartNode,EndNode,Length",['0000101176070E'],"[{'LinkID': '0000101176070E', 'RoadID': '000010', 'RoadName': '國道1號', 'RoadClass': 0, 'RoadDirection': 'N', 'RoadDirectionID': '1', 'Bearing': 'E', 'Version': '23.05.1', 'UpdateDate': '2023-05-05'}]"
VD-N2-W-0.460-M-RS,NFB,22.09.1,0000200100000H,道路異動,數化精進,"EndNode,Length",['0000200100000H'],"[{'LinkID': '0000200100000H', 'RoadID': '000020', 'RoadName': '國道2號', 'RoadClass': 0, 'RoadDirection': 'W', 'RoadDirectionID': '1', 'Bearing': 'NE', 'Version': '23.05.1', 'UpdateDate': '2023-05-05'}]"
VD-N2-W-0.02-M-LOOP,NFB,22.09.1,0000201101040H,道路異動,數化精進,"StartNode,EndNode,Length",['0000201101040H'],"[{'LinkID': '0000201101040H', 'RoadID': '000020', 'RoadName': '國道2號', 'RoadClass': 0, 'RoadDirection': 'W', 'RoadDirectionID': '1', 'Bearing': 'NE', 'Version': '23.05.1', 'UpdateDate': '2023-05-05'}]"
VD-N2-W-1-O-ES-2-大園,NFB,22.09.1,0000201102000H,道路異動,數化精進,"StartNode,EndNode,Length,Bearing",['0000201102000H'],"[{'LinkID': '0000201102000H', 'RoadID': '000020', 'RoadName': '國道2號', 'RoadClass': 0, 'RoadDirection': 'W', 'RoadDirectionID': '1', 'Bearing': 'NE', 'Version': '23.05.1', 'UpdateDate': '2023-05-05'}]"
VD-N2-E-0.460-M-RS,NFB,22.09.1,0000200000000H,道路異動,數化精進,"StartNode,Length",['0000200000000H'],"[{'LinkID': '0000200000000H', 'RoadID': '000020', 'RoadName': '國道2號', 'RoadClass': 0, 'RoadDirection': 'E', 'RoadDirectionID': '0', 'Bearing': 'SW', 'Version': '23.05.1', 'UpdateDate': '2023-05-05'}]"
VD-N1-N-373.900-M-RS,NFB,22.09.1,0000101176090E,道路異動,數化精進,"StartNode,Length",['0000101176090E'],"[{'LinkID': '0000101176090E', 'RoadID': '000010', 'RoadName': '國道1號', 'RoadClass': 0, 'RoadDirection': 'N', 'RoadDirectionID': '1', 'Bearing': 'NE', 'Version': '23.05.1', 'UpdateDate': '2023-05-05'}]"
VD-N2-E-1.37-N-LOOP,NFB,22.09.1,0000201001040H,道路刪除,道路合併,,['0000201001040H'],"[{'LinkID': '0000201001040H', 'RoadID': '000020', 'RoadName': '國道2號', 'RoadClass': 0, 'RoadDirection': 'E', 'RoadDirectionID': '0', 'Bearing': 'SE', 'Version': '23.05.1', 'UpdateDate': '2023-05-05'}]"
VD-N2-W-1-I-SW-1-大園,NFB,22.09.1,0000201002020H,道路異動,道路延伸,"StartNode,EndNode,Length",['0000201002020H'],"[{'LinkID': '0000201002020H', 'RoadID': '000020', 'RoadName': '國道2號', 'RoadClass': 0, 'RoadDirection': 'E', 'RoadDirectionID': '0', 'Bearing': 'SE', 'Version': '23.05.1', 'UpdateDate': '2023-05-05'}]"
VD-N2-W-0.25-N-LOOP,NFB,22.09.1,0000201101030H,道路異動,數化精進,"EndNode,Length",['0000201101030H'],"[{'LinkID': '0000201101030H', 'RoadID': '000020', 'RoadName': '國道2號', 'RoadClass': 0, 'RoadDirection': 'W', 'RoadDirectionID': '1', 'Bearing': 'NE', 'Version': '23.05.1', 'UpdateDate': '2023-05-05'}]"
VD-N2-E-1-I-SE-1-大園,NFB,22.09.1,0000201002020H,道路異動,道路延伸,"StartNode,EndNode,Length",['0000201002020H'],"[{'LinkID': '0000201002020H', 'RoadID': '000020', 'RoadName': '國道2號', 'RoadClass': 0, 'RoadDirection': 'E', 'RoadDirectionID': '0', 'Bearing': 'SE', 'Version': '23.05.1', 'UpdateDate': '2023-05-05'}]"
